{
    "classDefinitions": [
        {
            "classname": "OnlineShopOrder",
            "fieldname": "paymentProvider"
        }
    ],
    "title": "",
    "group": "PaymentProvider",
    "key": null,
    "parentClass": "",
    "layoutDefinitions": {
        "fieldtype": "panel",
        "labelWidth": 100,
        "layout": null,
        "border": false,
        "icon": null,
        "name": null,
        "type": null,
        "region": null,
        "title": null,
        "width": null,
        "height": null,
        "collapsible": false,
        "collapsed": false,
        "bodyStyle": null,
        "datatype": "layout",
        "permissions": null,
        "childs": [
            {
                "fieldtype": "panel",
                "labelWidth": 150,
                "layout": null,
                "border": false,
                "icon": null,
                "name": "Layout",
                "type": null,
                "region": null,
                "title": "",
                "width": null,
                "height": null,
                "collapsible": false,
                "collapsed": false,
                "bodyStyle": "",
                "datatype": "layout",
                "permissions": null,
                "childs": [
                    {
                        "fieldtype": "input",
                        "width": null,
                        "queryColumnType": "varchar",
                        "columnType": "varchar",
                        "columnLength": 190,
                        "phpdocType": "string",
                        "regex": "",
                        "unique": false,
                        "showCharCount": false,
                        "name": "configurationKey",
                        "title": "Configuration Key",
                        "tooltip": "",
                        "mandatory": false,
                        "noteditable": false,
                        "index": false,
                        "locked": false,
                        "style": "",
                        "permissions": null,
                        "datatype": "data",
                        "relationType": false,
                        "invisible": false,
                        "visibleGridView": false,
                        "visibleSearch": false
                    },
                    {
                        "fieldtype": "input",
                        "width": 400,
                        "queryColumnType": "varchar",
                        "columnType": "varchar",
                        "columnLength": 255,
                        "phpdocType": "string",
                        "regex": "",
                        "unique": false,
                        "showCharCount": false,
                        "name": "auth_orderID",
                        "title": "OrderID",
                        "tooltip": "",
                        "mandatory": false,
                        "noteditable": true,
                        "index": false,
                        "locked": false,
                        "style": "",
                        "permissions": null,
                        "datatype": "data",
                        "relationType": false,
                        "invisible": false,
                        "visibleGridView": false,
                        "visibleSearch": false
                    },
                    {
                        "fieldtype": "input",
                        "width": 400,
                        "queryColumnType": "varchar",
                        "columnType": "varchar",
                        "columnLength": 255,
                        "phpdocType": "string",
                        "regex": "",
                        "unique": false,
                        "showCharCount": false,
                        "name": "auth_payerID",
                        "title": "PayerID",
                        "tooltip": "",
                        "mandatory": false,
                        "noteditable": true,
                        "index": false,
                        "locked": false,
                        "style": "",
                        "permissions": null,
                        "datatype": "data",
                        "relationType": false,
                        "invisible": false,
                        "visibleGridView": false,
                        "visibleSearch": false
                    },
                    {
                        "fieldtype": "input",
                        "width": 400,
                        "queryColumnType": "varchar",
                        "columnType": "varchar",
                        "columnLength": 255,
                        "phpdocType": "string",
                        "regex": "",
                        "unique": false,
                        "showCharCount": false,
                        "name": "auth_email_address",
                        "title": "Email Address",
                        "tooltip": "",
                        "mandatory": false,
                        "noteditable": true,
                        "index": false,
                        "locked": false,
                        "style": "",
                        "permissions": null,
                        "datatype": "data",
                        "relationType": false,
                        "invisible": false,
                        "visibleGridView": false,
                        "visibleSearch": false
                    },
                    {
                        "fieldtype": "input",
                        "width": 400,
                        "queryColumnType": "varchar",
                        "columnType": "varchar",
                        "columnLength": 255,
                        "phpdocType": "string",
                        "regex": "",
                        "unique": false,
                        "showCharCount": false,
                        "name": "auth_given_name",
                        "title": "Given Name",
                        "tooltip": "",
                        "mandatory": false,
                        "noteditable": true,
                        "index": false,
                        "locked": false,
                        "style": "",
                        "permissions": null,
                        "datatype": "data",
                        "relationType": false,
                        "invisible": false,
                        "visibleGridView": false,
                        "visibleSearch": false
                    },
                    {
                        "fieldtype": "input",
                        "width": 400,
                        "queryColumnType": "varchar",
                        "columnType": "varchar",
                        "columnLength": 255,
                        "phpdocType": "string",
                        "regex": "",
                        "unique": false,
                        "showCharCount": false,
                        "name": "auth_surname",
                        "title": "Surname",
                        "tooltip": "",
                        "mandatory": false,
                        "noteditable": true,
                        "index": false,
                        "locked": false,
                        "style": "",
                        "permissions": null,
                        "datatype": "data",
                        "relationType": false,
                        "invisible": false,
                        "visibleGridView": false,
                        "visibleSearch": false
                    }
                ],
                "locked": false
            }
        ],
        "locked": false
    }
} 